,Actual,Scenario 1,Scenario 2,Scenario 3,Scenario 4,Scenario 5
2020-12-01,13507.0,,,,,
2020-12-02,13212.0,,,,,
2020-12-03,12896.0,,,,,
2020-12-04,12987.0,,,,,
2020-12-05,12968.0,,,,,
2020-12-06,13189.0,,,,,
2020-12-07,13616.0,,,,,
2020-12-08,13629.0,,,,,
2020-12-09,13467.0,,,,,
2020-12-10,13796.0,,,,,
2020-12-11,13901.0,,,,,
2020-12-12,13927.0,,,,,
2020-12-13,14460.0,,,,,
2020-12-14,15053.0,,,,,
2020-12-15,15031.0,,,,,
2020-12-16,15465.0,,,,,
2020-12-17,15741.0,,,,,
2020-12-18,15866.0,,,,,
2020-12-19,16183.0,,,,,
2020-12-20,16633.0,,,,,
2020-12-21,17709.0,,,,,
2020-12-22,18063.0,,,,,
2020-12-23,17834.0,,,,,
2020-12-24,18227.0,,,,,
2020-12-25,17701.0,,,,,
2020-12-26,18350.0,,,,,
2020-12-27,19277.0,,,,,
2020-12-28,20426.0,,,,,
2020-12-29,21787.0,,,,,
2020-12-30,22713.0,,,,,
2020-12-31,22728.0,,,,,
2021-01-01,22534.0,,,,,
2021-01-02,23557.0,,,,,
2021-01-03,24957.0,,,,,
2021-01-04,26626.0,,,,,
2021-01-05,26467.0,,,,,
2021-01-06,27727.0,,,,,
2021-01-07,28246.0,,,,,
2021-01-08,29346.0,,,,,
2021-01-09,29462.0,,,,,
2021-01-10,30758.0,,,,,
2021-01-11,32070.0,,,,,
2021-01-12,32202.0,,,,,
2021-01-13,32689.0,,,,,
2021-01-14,32925.0,,,,,
2021-01-15,33362.0,,,,,
2021-01-16,32923.0,,,,,
2021-01-17,33352.0,,,,,
2021-01-18,34336.0,,,,,
2021-01-19,34015.0,,,,,
2021-01-20,33886.0,,,,,
2021-01-21,33235.0,,,,,
2021-01-22,33412.0,,,,,
2021-01-23,32614.0,,,,,
2021-01-24,32907.0,,,,,
2021-01-25,32938.0,,,,,
2021-01-26,32337.0,,,,,
2021-01-27,30846.0,,,,,
2021-01-28,30333.0,,,,,
2021-01-29,29359.0,,,,,
2021-01-30,28571.0,,,,,
2021-01-31,28112.0,,,,,
2021-02-01,28539.0,,,,,
2021-02-02,27397.0,,,,,
2021-02-03,26374.0,,,,,
2021-02-04,25334.0,,,,,
2021-02-05,24402.0,,,,,
2021-02-06,23042.0,,,,,
2021-02-07,22991.0,,,,,
2021-02-08,23020.0,,,,,
2021-02-09,22067.0,,,,,
2021-02-10,20926.0,,,,,
2021-02-11,19983.0,,,,,
2021-02-12,19009.0,,,,,
2021-02-13,17694.0,,,,,
2021-02-14,17787.0,,,20997.22992,,
2021-02-15,17730.0,21521.3056,21241.40726,20360.11081,,20831.02493
2021-02-16,17093.0,21068.05135,20819.44611,19722.99169,20332.40997,20000.0
2021-02-17,16458.0,20614.7971,20397.48496,19085.872580000007,19667.59003,19168.97507
2021-02-18,15633.0,20161.54285,19975.52381,18448.75347,19002.77008,18337.95014
2021-02-19,15018.0,19693.05044,19514.3516,17811.63435,18337.95014,17506.925209999998
2021-02-20,14316.0,19224.55804,19053.17938,17174.51524,17673.13019,17008.31025
2021-02-21,14142.0,18756.06563,18592.00717,16620.49862,17008.31025,16509.69529
2021-02-22,14137.0,17951.2749,18130.83495,16066.482,16343.4903,16011.08033
2021-02-23,13511.0,17146.48417,17494.162630000006,15512.46538,15678.67036,15512.465369999998
2021-02-24,13007.0,16240.93313,16857.4903,14958.44875,15013.85042,14980.60942
2021-02-25,12449.0,15335.38208,16277.28804,14404.43213,14349.03047,14448.75346
2021-02-26,11781.0,14812.26503,15697.08578,13850.41551,13684.21053,13916.89751
2021-02-27,11090.0,14289.147980000002,15139.02865,13351.80055,13240.99723,13385.04155
2021-02-28,10663.0,13766.03093,14580.97151,12853.18559,12797.78394,12853.1856
2021-03-01,10765.0,13249.31136,14022.914380000002,12354.57064,12354.57064,12378.31421
2021-03-02,10121.0,12732.5918,13464.85724,11855.95568,11911.35734,11903.44282
2021-03-03,9594.0,12215.87223,12875.79693,11357.34072,11468.14405,11428.57143
2021-03-04,9092.0,11875.11413,12286.73663,10858.72576,11024.93075,10953.70004
2021-03-05,8594.0,11534.35603,11697.67632,10415.51246,10621.29007,10478.82865
2021-03-06,8021.0,11193.59792,11245.91578,9972.299168,10217.64939,10003.95726
2021-03-07,7812.0,10852.83982,10794.15524,9529.085872,9814.008707,9529.085873
2021-03-08,7847.0,9930.49539,10342.3947,9085.872575,9410.368026,9168.97507
2021-03-09,7451.0,9504.718465,9866.126893,8642.659279000001,9006.727345000001,8808.864266
2021-03-10,6975.0,9078.941541,9389.859086,8199.445983,8603.086664,8448.753463
2021-03-11,6687.0,8653.164616,8913.591279,7966.759002,8199.445983,8088.642659999998
2021-03-12,6391.0,8487.519086,8696.56906,7734.072022,7890.779579999998,7728.531856
2021-03-13,6072.0,8321.873555,8479.546841,7501.385041,7582.113176999997,7368.421053
2021-03-14,6039.0,8156.228023999999,8262.524621999999,7268.698061,7273.446773999999,7069.252078
2021-03-15,5976.0,7990.582493999997,8045.502403,7036.0110799999975,6964.780372,6770.083103
2021-03-16,5664.0,7773.068161,7824.985281,6803.324099,6656.113969,6470.914127
2021-03-17,5397.0,7555.553829,7604.468159,6570.637119,6347.447566,6171.745152
2021-03-18,5083.0,7338.039495999998,7383.951036,6337.950138,6038.781163000002,5872.576177
2021-03-19,4841.0,7120.5251629999975,7163.433914,6105.263158,5825.089038,5756.232687
2021-03-20,4589.0,6903.010831000001,6942.916792,5872.576177,5611.396913000001,5639.889196
2021-03-21,4492.0,6685.496498,6704.756045,5722.99169,5397.704788,5523.545706
2021-03-22,4501.0,6467.44084,6466.595299000001,5573.407202,5184.012663,5407.202216
2021-03-23,4245.0,6249.385182,6228.434552000002,5423.822715,4970.320538,5290.858726
2021-03-24,4005.0,6031.329524,5990.273805,5274.238227000002,4756.628413,5174.515235
2021-03-25,3763.0,5813.273866,5879.789766,5124.65374,4542.936288,5058.1717450000015
2021-03-26,3712.0,5595.218208,5769.305727,4975.069252,4440.656297,4941.828254999999
2021-03-27,3676.0,5377.1625490000015,5658.821689,4825.484765,4338.376305,4825.484764
2021-03-28,3438.0,5159.106890999999,5548.33765,4675.900277000002,4236.096314,4709.141274000001
2021-03-29,3466.0,4941.051233,5437.853611,4526.31579,4133.816322,4653.739611999999
2021-03-30,3283.0,4722.995575,5248.714117,4376.731302,4031.536331,4598.33795
2021-03-31,3084.0,4504.9399170000015,5059.574623,4332.993148,3929.256339,4542.936288
2021-04-01,2928.0,4448.100764,4870.435129,4289.254993,3826.976348,4487.534626
2021-04-02,2784.0,4391.261611999998,4681.295635,4245.516839,3724.696356,4432.132964
2021-04-03,2677.0,4334.422459,4492.15614,4201.778685,3622.416365,4376.731302
2021-04-04,2672.0,4277.583306,4303.016646,4158.0405310000015,3520.136373,4321.32964
2021-04-05,2680.0,4220.744154,4113.877152,4114.302376,3417.856382,4265.927978
2021-04-06,2588.0,4163.905001,3924.737658,4070.564222,3315.57639,4210.526316
2021-04-07,2486.0,4189.271235,3809.78433,4026.826068,3213.296399,4210.526316
2021-04-08,2382.0,4214.637468,3694.831003,3983.087914,3149.371404,4210.526316
2021-04-09,2321.0,4240.003702,3579.877676,3939.349759,3085.44641,4210.526316
2021-04-10,2190.0,4265.369935,3464.924348,3895.611605,3021.521415,4210.526316
2021-04-11,2096.0,4291.863556,3458.995121,3851.873451,2957.59642,4210.526316
2021-04-12,2108.0,4318.357178,3453.065895,3808.135297,2893.671426000001,4210.526316
2021-04-13,2057.0,4344.850799,3447.136668,3764.397142,2829.746431,4210.526316
2021-04-14,1972.0,4371.344421,3441.2074420000013,3720.658988,2765.821436,4210.526316
2021-04-15,1885.0,4397.838042,3435.278215,3676.9208340000014,2701.896441,4210.526316
2021-04-16,1844.0,4494.441114,3429.348989,3633.18268,2637.971447,4210.526316
2021-04-17,1735.0,4591.044186,3423.4197619999995,3589.444525,2574.046452,4210.526316
2021-04-18,1691.0,4687.647259,3417.490536,3545.706371,2510.121457,4210.526316
2021-04-19,1732.0,4784.250331,3411.561309,3556.786703,2446.196463,4265.927978
2021-04-20,1649.0,4880.853403,3448.765118,3567.867036,2382.271468,4321.32964
2021-04-21,1609.0,4977.479961999999,3485.9689270000013,3578.947368,2354.5706370000007,4376.731302
2021-04-22,1523.0,5074.106522,3523.172736,3590.027701,2326.869806,4432.132964
2021-04-23,1478.0,5170.733081,3560.376545,3601.108033,2299.168975,4487.534626
2021-04-24,1401.0,5267.359641,3597.580354,3612.188365,2271.468144,4542.936288
2021-04-25,1377.0,5363.9862,3649.004716,3623.268698,2243.767313,4598.33795
2021-04-26,1393.0,5469.326529999999,3700.429078,3634.34903,2216.066482,4653.739611999999
2021-04-27,1310.0,5574.666861,3751.85344,3645.429363,2188.365651,4709.141274000001
2021-04-28,1278.0,5680.007191,3803.2778020000014,3656.509695,2160.66482,4764.542936
2021-04-29,1235.0,5785.347522,3955.674045,3667.590027,2132.963989,4819.944598
2021-04-30,1161.0,5890.687852,4108.070288,3678.67036,2105.263158,4875.34626
2021-05-01,1071.0,6119.033399,4260.466531,3689.750692,2077.562327,4979.224376
2021-05-02,1082.0,6347.378947,4412.862774,3700.831025,2049.861496,5083.102493
2021-05-03,1096.0,6575.724494,4565.259017,3711.911357,2049.861496,5186.980609
2021-05-04,1093.0,6804.070041,4616.707414,3763.850415,2049.861496,5290.858726
2021-05-05,1032.0,7172.786362000003,4668.15581,3815.789473,2049.861496,5394.736842
2021-05-06,976.0,7541.502683,4719.604207,3867.728532,2049.861496,5498.614958
2021-05-07,973.0,7910.219004,4771.052603,3919.66759,2049.861496,5602.493075
2021-05-08,948.0,8278.935325,4822.501,3971.606648,2049.861496,5706.371190999997
2021-05-09,933.0,8958.046495,4893.711667000001,4023.545706,2049.861496,5920.063316
2021-05-10,944.0,9637.157666,4964.922335,4075.484764,2049.861496,6133.7554409999975
2021-05-11,921.0,10617.81191,5036.133002000001,4127.423823,2049.861496,6347.447566
2021-05-12,907.0,11598.46616,5107.34367,4179.362881,2049.861496,6561.139690999999
2021-05-13,845.0,12376.64583,5178.554337,4231.301939,2049.861496,6774.831816
2021-05-14,818.0,13154.8255,5334.274825,4283.240997,2049.861496,6988.523941
2021-05-15,810.0,14720.48579,5489.995314,4335.180055,2049.861496,7202.216066
2021-05-16,801.0,15545.39167,5645.715802000002,4387.119113000002,2049.861496,7437.67313
2021-05-17,798.0,16370.29756,5801.43629,4439.058172,2049.861496,7673.130193000001
2021-05-18,749.0,17918.97993,6019.437171000001,4490.99723,2049.861496,7908.587256999999
2021-05-19,757.0,18637.22013,6237.438052,4542.936288,2049.861496,8144.044320999998
2021-05-20,749.0,19355.46033,6455.4389340000025,4637.910566,2049.861496,8379.501384000001
2021-05-21,766.0,20866.86507,6673.439815,4732.884844,2049.861496,8614.958448000001
2021-05-22,730.0,22572.90084,6891.440696,4827.859121,2049.861496,8850.415512
2021-05-23,756.0,23467.6869,7109.441577,4922.833399,2049.861496,9085.872575
2021-05-24,797.0,24362.47295,7327.442457999998,5017.807677000002,2049.861496,9321.329639
2021-05-25,765.0,25963.56544,7545.443339,5112.781955,2049.861496,9556.786703
2021-05-26,745.0,27664.311,7763.444221,5207.756233,2049.861496,9792.243766
2021-05-27,742.0,29427.0629,7981.445102,5302.73051,2064.97104,10027.70083
2021-05-28,743.0,30940.313060000004,8199.445983,5397.704788,2080.080584,10312.62366
2021-05-29,748.0,32428.46542,8486.527323,5492.679066,2095.190129,10597.5465
2021-05-30,755.0,35105.07279,8773.608662,5587.653343999999,2110.299673,10882.46933
2021-05-31,773.0,36582.89075,9060.690002,5682.627621,2125.409217000001,11167.39216
2021-06-01,776.0,38060.70872,9347.771342,5777.601899,2140.518761,11452.31499
2021-06-02,801.0,39352.50764,9634.852682,5872.576177,2155.628305,11737.23783
2021-06-03,779.0,40737.31609,9921.934021,5994.459834,2170.737849,12022.16066
2021-06-04,805.0,42328.81236,10209.01536,6116.34349,2185.847394000001,12250.69252
2021-06-05,782.0,44072.74091,10496.0967,6238.227147,2200.956938,12479.22437
2021-06-06,807.0,45672.72614,10783.17804,6360.110803000001,2216.066482,12707.75623
2021-06-07,860.0,47347.88177,11070.25938,6481.99446,2195.290859,12936.28809
2021-06-08,879.0,48305.53538,11357.34072,6603.878116,2174.515236,13164.81994
2021-06-09,876.0,49263.18898,11855.95568,6725.761773,2153.7396120000008,13393.3518
2021-06-10,906.0,51164.71699,12354.57064,6847.645429000001,2132.963989,13621.88365
2021-06-11,884.0,52877.64236000001,12853.18559,6969.529086,2112.188366,13850.41551
2021-06-12,915.0,53753.48202999999,13351.80055,7091.412742,2091.412743,13975.06925
2021-06-13,947.0,54629.3217,13850.41551,7213.296399,2070.637119,14099.72299
2021-06-14,993.0,56070.9693,14349.03047,7335.180055,2049.861496,14224.376730000002
2021-06-15,1030.0,56605.77405,14847.64543,7457.063712,2049.861496,14349.03047
2021-06-16,1057.0,57140.57881,15346.26039,7578.947368000001,2049.861496,14473.68421
2021-06-17,,57675.38356,15844.87535,7700.831025,2049.861496,14598.33795
2021-06-18,,57854.35642999999,16343.4903,7791.48829,2049.861496,14722.99169
2021-06-19,,58033.3293,16842.10526,7882.145555,2049.861496,14847.64543
2021-06-20,,58212.30216,17340.72022,7972.802820999997,2049.861496,14903.04709
2021-06-21,,58391.27503,17971.02485,8063.460086,2049.861496,14958.44875
2021-06-22,,58296.3239,18601.32948,8154.117351000001,2049.861496,15013.85042
2021-06-23,,58201.37276000001,19231.63412,8244.774615999999,2049.861496,15069.252080000002
2021-06-24,,58106.42163,19861.93875,8335.431881,2049.861496,15124.65374
2021-06-25,,58011.47049,20492.24338,8426.089145999998,2091.412743,15180.0554
2021-06-26,,57916.51936000001,21369.37485,8516.746412,2132.963989,15180.0554
2021-06-27,,57326.93711,22246.50632,8607.403677,2174.515236,15180.0554
2021-06-28,,56737.35486,22916.08876,8698.060942,2216.066482,15180.0554
2021-06-29,,56147.77261,23585.6712,8766.498289,2257.617729,15180.0554
2021-06-30,,55260.65906000001,24316.65715,8834.935636,2299.168975,15124.65374
2021-07-01,,54373.54551,25047.6431,8903.372984,2340.720222,15069.252080000002
2021-07-02,,52668.37093000001,25794.8196,8971.810331,2382.271468,15013.85042
2021-07-03,,51881.11176,26541.99609,9040.247678,2423.822715,14847.64543
2021-07-04,,51093.85259,27188.41227,9108.685025,2465.373961,14681.44045
2021-07-05,,49481.68754,27834.82845,9177.122373,2506.925208,14515.23546
2021-07-06,,48748.92998,28330.40949,9245.55972,2548.476454,14432.13297
2021-07-07,,48016.17242,28825.99054,9313.997067,2548.476454,14349.03047
2021-07-08,,46895.46509,29321.57158,9382.434414,2548.476454,14265.92798
2021-07-09,,45774.75775,30012.09682,9450.871762,2548.476454,14182.82548
2021-07-10,,44654.05042,30702.62206,9519.309109,2548.476454,13988.91966
2021-07-11,,41736.44505,31161.46904,9587.746456,2548.476454,13795.01385
2021-07-12,,40984.72142,31620.31601,9656.183803,2548.476454,13601.10803
2021-07-13,,40232.99779,32079.16299,9724.621151,2548.476454,13407.20221
2021-07-14,,37995.56515,32204.82919,9793.058498,2548.476454,13213.2964
2021-07-15,,37449.41102,32330.49539,9861.495845,2548.476454,13019.39058
2021-07-16,,36903.25689,32456.16159,10040.48583,2548.476454,12876.92916
2021-07-17,,35599.27091,32581.82779,10219.47582,2548.476454,12734.46775
2021-07-18,,34295.28493,32707.49399,10398.4658,2581.717451,12592.00633
2021-07-19,,32991.29895,32768.74875,10577.45579,2614.958449,12449.54491
2021-07-20,,32092.4023,32830.0035,10756.44577,2648.199446,12307.08349
2021-07-21,,31193.50565,32891.25826,10935.43575,2681.440443,12164.62208
2021-07-22,,29238.82934,32952.51301,11114.42574,2714.681441,12022.16066
2021-07-23,,28351.32931,33013.76777,11293.41572,2747.922438,11800.55401
2021-07-24,,27463.82927,32908.92067,11472.40571,2781.163435,11578.94737
2021-07-25,,26576.32924,32804.07357,11651.3957,2814.404432,11357.34072
2021-07-26,,24793.98076,32699.22648,11830.38568,2847.64543,11246.5374
2021-07-27,,23886.46853,32594.37938,12009.37567,2880.886427,11135.73407
2021-07-28,,22978.9563,32489.53228,12188.36565,2922.437674,11024.93075
2021-07-29,,22155.17613,32165.09502,12369.68018,2963.98892,10914.12743
2021-07-30,,21331.39596,31840.65777,12550.99471,3005.540167,10803.3241
2021-07-31,,19587.63965,31516.22051000001,12732.30924,3047.091413,10692.52078
2021-08-01,,18839.97104,31191.78325,12913.62377,3088.64266,10668.77721
2021-08-02,,18092.30243,30825.34296,13094.9383,3130.193906,10645.03364
2021-08-03,,17243.96424,30458.90267,13276.25283,3171.745153000001,10621.29007
2021-08-04,,16395.62605,30092.46237,13457.56736,3213.296399,10597.5465
2021-08-05,,15778.80056,29726.02208,13638.88189,3254.847646,10573.80293
2021-08-06,,15161.975080000002,29257.28361,13820.196419999998,3296.398892,10550.05936
2021-08-07,,14545.14959,28788.54515,14001.51095,3337.950139,10526.31579
2021-08-08,,13928.3241,28319.80668,14182.82548,3379.501385,10443.2133
2021-08-09,,13311.49862,27748.21641,14333.92092,3453.370268,10360.1108
2021-08-10,,12694.67313,27176.62615,14485.01637,3527.239151,10277.00831
2021-08-11,,11916.40799,26605.03588,14636.11181,3601.108033,10193.90582
2021-08-12,,11138.14284,26013.7232,14787.20725,3674.976916,10110.80332
2021-08-13,,10849.9135,25422.41053,14938.30269,3748.845799,10027.70083
2021-08-14,,10561.68416,24831.09785,15089.39814,3822.714682,10009.23361
2021-08-15,,10273.45482,24306.13968,15240.49358,3896.583564,9990.766389
2021-08-16,,9985.225483,23781.1815,15391.58902,3970.452447,9972.299168
2021-08-17,,9696.996144,23256.22333,15542.68446,4044.32133,9953.831948
2021-08-18,,9408.766805,22565.69809,15693.77991,4155.124654,9935.364727
2021-08-19,,9120.537466,21875.17284,15844.87535,4265.927978,9916.897507
2021-08-20,,8803.259907,21467.01658,15944.59834,4376.731302,9898.430286
2021-08-21,,8485.982348,21058.86031,16044.32133,4487.534626,9879.963066
2021-08-22,,8168.704789,20650.70405,16144.04432,4598.33795,9861.495845
2021-08-23,,7851.427229999997,20066.15478,16243.76731,4709.141274000001,9811.634349
2021-08-24,,7534.149670999999,19481.60552,16343.4903,4916.897507,9761.772853
2021-08-25,,7216.872112000001,18897.05625,16398.89196,5124.65374,9711.911357
2021-08-26,,6953.222169,18383.3185,16454.29363,5332.409972,9662.049861
2021-08-27,,6689.572227000002,17869.58076,16509.69529,5540.166205,9612.188366
2021-08-28,,6425.922284,17355.84301,16476.45429,5739.612188,9562.32687
2021-08-29,,6162.272341,16842.10526,16443.21329,5939.058172,9512.465374
2021-08-30,,5905.918643999999,16398.89196,16409.9723,6138.504155,9462.603878
2021-08-31,,5649.5649479999975,15955.67867,16376.7313,6337.950139000001,9412.742382
2021-09-01,,5393.211251,15512.465369999998,16343.4903,6537.396122,9362.880886
2021-09-02,,5136.857555,15069.25207,16277.00831,6869.806094,9279.778393
2021-09-03,,4880.503858,14626.03878,16210.52631,7202.216067,9196.6759
2021-09-04,,4663.903857,14182.82548,16144.04432,7534.626039,9113.573407
2021-09-05,,4447.303856,13642.659280000002,16077.56232,7867.036011,9030.470914
2021-09-06,,4230.703854,13102.49307,16011.08033,8083.102493,8947.368421
2021-09-07,,4014.103853,12562.32686,15927.97784,8299.168975,8864.265928
2021-09-08,,3797.503852,12022.16066,15844.87534,8515.235456999999,8781.163434999999
2021-09-09,,3611.484807,11638.79722,15761.77285,8731.301939,8698.060942
2021-09-10,,3425.465763,11255.43378,15678.67036,8947.36842,8614.958449
2021-09-11,,3239.446718,10872.07033,15595.56786,9163.434902,8531.855956
2021-09-12,,3053.427673,10488.70689,15512.465369999998,9379.501384,8448.753463
2021-09-13,,2937.306694000001,10105.34345,15393.74752,9595.567866,8365.65097
2021-09-14,,2821.185714,9762.865001,15275.02968,9811.634348,8282.548477
2021-09-15,,2705.064735,9420.386551,15156.31183,10027.70083,8199.445984
2021-09-16,,2588.943755,9077.908102,15037.59398,10267.7747,8116.343491
2021-09-17,,2472.822776,8886.23502,14918.87613,10507.84857,8033.240997
2021-09-18,,2381.504336,8694.561937999999,14800.15829,10747.92244,7950.138504
2021-09-19,,2290.185896,8502.888857,14681.44044,10987.99631,7867.036011
2021-09-20,,2198.867455,8311.215775,14515.23546,11228.07017,7800.554017
2021-09-21,,2107.549015,7984.959508,14349.03047,11468.14404,7734.072022
2021-09-22,,2016.230575,7658.703240999997,14182.82549,11708.21791,7667.590028
2021-09-23,,1947.459898,7332.446973,14016.6205,11948.29178,7601.108032999998
2021-09-24,,1878.689221,7006.190706,13850.41552,12188.36565,7534.626039
2021-09-25,,1809.918543,6702.351398,13684.21053,12425.80134,7468.144044
2021-09-26,,1741.147866,6398.51209,13490.30471,12663.23704,7401.66205
2021-09-27,,1672.377189,6094.672781,13296.39889,12900.67273,7335.180055
2021-09-28,,1612.625617,5790.833473,13102.49308,13138.10843,7268.698061
2021-09-29,,1552.874045,5678.524139,12908.58726,13375.54412,7202.216066
2021-09-30,,1493.122473,5566.214805,12714.68144,13612.97982,7096.4492569999975
2021-10-01,,1433.370901,5453.905471,12520.77562,13850.41551,6990.682447
2021-10-02,,1373.619329,5341.596137,12309.242,14044.32133,6884.915638
2021-10-03,,1313.022216,5229.286803,12097.70838,14238.22715,6779.1488290000025
2021-10-04,,1252.425103,5103.663552,11886.17477,14432.13296,6673.382019
2021-10-05,,1191.82799,4978.040301,11674.64115,14626.03878,6567.61521
2021-10-06,,1131.230877,4852.41705,11463.10753,14819.9446,6461.8484
2021-10-07,,1095.154456,4726.793799,11251.57391,15013.85042,6356.081590999999
2021-10-08,,1059.078035,4601.170548,11040.04029,15213.2964,6250.314782
2021-10-09,,1023.001614,4475.547297,10828.50667,15412.742380000003,6144.547972
2021-10-10,,986.9251936,4349.924046,10616.97306,15612.188369999998,6038.781163000002
2021-10-11,,950.8487728,4111.763299,10405.43944,15811.63435,5963.233442
2021-10-12,,920.4092927000004,3873.602553,10193.90582,16011.08033,5887.685721
2021-10-13,,889.9698127,3635.441806,10000.0,16114.95845,5812.138000000001
2021-10-14,,859.5303326,3397.2810590000013,9806.094185,16218.83656,5736.590279
2021-10-15,,829.0908526000003,3330.165203,9612.188368,16322.71468,5661.042558
2021-10-16,,798.6513725,3263.049347,9418.28255,16426.5928,5585.494838000001
2021-10-17,,776.1036095,3195.933491,9224.376733,16530.47091,5509.947117000002
2021-10-18,,753.5558465,3128.817635000001,9030.470916,16634.34903,5434.399396
2021-10-19,,731.0080835,3061.701779,8836.565098000001,16738.22714,5358.851675
2021-10-20,,708.4603205,2994.585923,8642.659281,16842.10526,5283.303954
2021-10-21,,685.9125575,2927.470067,8448.753463,16842.10526,5207.756233
2021-10-22,,659.98263,2860.354211,8254.847646,16842.10526,5115.42013
2021-10-23,,634.0527026000002,2793.238355,8060.941828,16842.10526,5023.084026
2021-10-24,,608.1227751,2742.604782,7867.036011,16842.10526,4930.747923
2021-10-25,,582.1928477000001,2691.971209,7715.940568999998,16842.10526,4838.411819
2021-10-26,,556.2629202,2641.337636,7564.845127,16842.10526,4746.075715999999
2021-10-27,,532.305922,2590.704063,7413.749685,16842.10526,4653.739611999999
2021-10-28,,508.3489238,2540.07049,7262.654243000001,16842.10526,4561.403509000002
2021-10-29,,484.3919256,2489.436917,7111.558801,16842.10526,4469.067405
2021-10-30,,460.4349274000001,2438.803344,6960.46336,16786.7036,4376.731302
2021-10-31,,454.7979867,2388.1697710000008,6809.367918000001,16731.30194,4321.32964
2021-11-01,,449.1610459,2337.536198,6658.272476,16675.90028,4265.927978
2021-11-02,,443.5241052,2292.440672,6507.177034,16620.49861,4210.526316
2021-11-03,,437.8871644,2247.345146,6356.081592000001,16565.09695,4155.124654
2021-11-04,,432.2502237,2202.24962,6204.98615,16509.69529,4099.722991
2021-11-05,,410.8298488,2157.154094,6080.33241,16398.89197,4044.321329
2021-11-06,,389.40947400000016,2112.058568,5955.678671,16288.08864,3988.919667
2021-11-07,,367.9890991,2030.510825,5831.024931,16177.28532,3933.518005
2021-11-08,,346.56872430000016,1948.963082,5706.371192000001,16066.482,3878.116343
2021-11-09,,325.1483494,1867.415339,5581.717452000001,15955.67867,3806.885635
2021-11-10,,338.6653876000001,1785.867596,5457.063712,15844.87535,3735.654926
2021-11-11,,352.18242569999984,1704.3198530000002,5332.409973,15711.91136,3664.424218
2021-11-12,,365.6994639,1634.965098,5207.756233,15578.947369999998,3593.19351
2021-11-13,,379.2165021,1565.610342,5089.038386,15445.98338,3521.9628020000005
2021-11-14,,392.7335402,1496.255587,4970.320538,15313.01939,3450.732093
2021-11-15,,406.2505784,1426.9008310000006,4851.602691,15180.0554,3379.501385
2021-11-16,,419.7676166,1357.546076,4732.884844,14903.04709,3324.099723000001
2021-11-17,,433.28465480000006,1288.19132,4614.166997,14626.03878,3268.698061
2021-11-18,,446.8016929,1218.836565,4495.449149,14349.03047,3213.296399
2021-11-19,,460.31873110000015,1181.902124,4376.731302,14159.08191,3157.894737
2021-11-20,,473.8357693,1144.967682,4284.395199000001,13969.13336,3102.493075
2021-11-21,,487.3528074,1108.033241,4192.059095000001,13779.1848,3047.091413
2021-11-22,,500.8698456,1071.0988,4099.722992,13589.23625,2963.98892
2021-11-23,,524.0347247,1034.164358,4007.386888000002,13399.28769,2880.886427
2021-11-24,,547.1996037,997.2299169,3915.050785,13209.33914,2797.783934
2021-11-25,,570.3644828,960.2954755,3822.714681,13019.39058,2714.681441
2021-11-26,,593.5293618,923.3610342,3730.378578,12853.18559,2631.578948
2021-11-27,,578.7167342,886.4265928,3638.042474,12686.98061,2548.476454
2021-11-28,,563.9041065,886.4265928,3545.706371,12520.77562,2465.373961
2021-11-29,,549.0914789,886.4265928,3462.603878,12354.57064,2382.271468
2021-11-30,,534.2788512,886.4265928,3379.501385,12188.36565,2299.168975
2021-12-01,,519.4662236,886.4265928,3296.398892,11966.758999999998,2216.066482
2021-12-02,,509.501365,886.4265928,3213.296399,11745.15235,2170.737849
2021-12-03,,499.5365064,886.4265928,3130.193906,11523.54571,2125.409217000001
2021-12-04,,489.5716478,886.4265928,3047.091413,11301.93906,2080.080584
2021-12-05,,479.6067892,886.4265928,2963.9889190000013,11080.33241,2034.751952
2021-12-06,,469.6419306,869.8060942,2880.886426,10858.72576,1989.423319
2021-12-07,,468.4988843,853.1855956,2797.783933,10671.74515,1944.094687
2021-12-08,,467.355838,836.5650969,2714.68144,10484.76454,1898.766054
2021-12-09,,466.2127917,819.9445982999997,2631.578947,10297.78393,1853.437422
2021-12-10,,465.0697454,803.3240997,2548.476454,10110.80332,1808.108789
2021-12-11,,443.7370563,786.7036011,2512.8611,9923.822714,1762.780157
2021-12-12,,422.4043672,770.0831025,2477.245746,9736.842105,1717.4515239999994
2021-12-13,,401.071678,753.4626038,2441.630392,9549.861495,1717.4515239999994
2021-12-14,,379.7389889,736.8421052,2406.015037,9362.880886,1717.4515239999994
2021-12-15,,358.4062998,720.2216066000003,2370.399683,9180.055401,1717.4515239999994
2021-12-16,,346.117769,692.5207756,2334.784329,8997.229917,1717.4515239999994
2021-12-17,,333.8292381,664.8199446000001,2299.168975,8814.404432,1717.4515239999994
2021-12-18,,321.5407073,637.1191136,2263.553621,8631.578947,1717.4515239999994
2021-12-19,,309.2521764,609.4182825,2227.938267,8448.753463,1717.4515239999994
2021-12-20,,296.9636456,581.7174514999998,2192.322913,8265.927978,1689.750693
2021-12-21,,297.75634039999994,554.0166205,2156.707558,8083.102493,1662.0498619999994
2021-12-22,,298.5490352,526.3157894999998,2121.092204,7900.277008,1634.349031
2021-12-23,,299.34173,498.6149584,2085.47685,7717.451523999999,1606.6482
2021-12-24,,300.1344248000001,470.9141274,2049.861496,7534.626039,1578.947369
2021-12-25,,322.1537246000001,443.2132964,2008.31025,7368.421053,1551.246538
2021-12-26,,344.1730244,415.5124653,1966.759003,7202.216067,1523.545706
2021-12-27,,366.19232430000005,387.8116343,1925.207757,7036.011081000002,1495.844875
2021-12-28,,388.2116241000001,387.9057246,1883.6565100000007,6869.806095,1468.144044
2021-12-29,,410.2309239,387.9998149,1842.105263,6703.601108,1440.443213
2021-12-30,,432.2502237,388.0939052,1800.5540170000006,6537.396122,1412.742382
2021-12-31,,422.48336100000006,388.1879955,1759.0027699999994,6371.191136,1385.041551
2022-01-01,,412.7164984,388.2820858,1717.4515239999994,6204.98615,1369.932007
2022-01-02,,402.9496357,376.8436258,1680.5170829999995,6094.182826,1354.822463
2022-01-03,,393.1827731,365.4051657,1643.582641,5983.3795020000025,1339.712918
2022-01-04,,383.4159104,353.9667057,1606.6482,5872.576177,1324.603374
2022-01-05,,384.1157347,342.52824560000005,1569.713758,5761.772853,1309.49383
2022-01-06,,384.8155589,331.0897856,1532.779317,5650.969529,1294.384286
2022-01-07,,385.5153832,319.6513256,1495.844875,5540.166205,1279.274742
2022-01-08,,386.2152075,308.2128655,1458.910434,5401.66205,1264.165198
2022-01-09,,394.6974612,296.7744055,1421.975992,5263.157895,1249.055653
2022-01-10,,403.1797149,285.3359454,1385.041551,5124.65374,1233.946109
2022-01-11,,411.6619686,273.8974854,1385.041551,4986.149584000002,1218.836565
2022-01-12,,420.1442223,262.45902540000003,1385.041551,4847.645429,1171.349426
2022-01-13,,428.626476,251.0205653,1385.041551,4709.141274000001,1123.862287
2022-01-14,,436.1960822,239.5821053,1385.041551,4598.33795,1076.375148
2022-01-15,,443.7656883,228.1436452,1385.041551,4487.534626,1028.888009
2022-01-16,,451.3352945,216.7051852,1385.041551,4376.731302,981.4008706
2022-01-17,,458.9049006,205.2667252,1364.265928,4265.927978,933.9137317
2022-01-18,,466.4745068,193.8282651,1343.490305,4155.124654,886.4265928
2022-01-19,,474.0575343,182.3898051,1322.7146810000004,4044.32133,869.8060942
2022-01-20,,481.6405617,170.951345,1301.939058,3981.99446,853.1855956
2022-01-21,,489.2235892,159.512885,1281.163435,3919.66759,836.5650969
2022-01-22,,496.8066166,156.8040618,1260.387812,3857.34072,819.9445982999997
2022-01-23,,498.5889636,154.0952385,1239.612188,3795.013851,803.3240997
2022-01-24,,500.3713106000001,151.3864153,1218.836565,3732.686981,786.7036011
2022-01-25,,502.1536575,148.677592,1204.98615,3670.360111,770.0831025
2022-01-26,,503.9360045,157.7197051,1191.135734,3608.033241,753.4626038
2022-01-27,,505.7183515,166.7618182,1177.2853189999996,3545.706371,736.8421052
2022-01-28,,481.5224544,175.8039314,1163.4349029999996,3462.603878,720.2216066000003
2022-01-29,,457.3265573,184.8460445,1149.5844880000002,3379.501385,698.0609417999997
2022-01-30,,433.1306601,193.8881576,1135.734072,3296.398892,675.900277
2022-01-31,,408.934763,184.385886,1121.883657,3213.296399,653.7396121
2022-02-01,,384.7388659,174.8836145,1108.033241,3130.193906,631.5789473
2022-02-02,,358.5029331,165.3813429,1094.182826,3047.091413,609.4182825
2022-02-03,,332.2670003,155.87907140000004,1080.33241,2963.98892,587.2576177
2022-02-04,,306.0310674,146.3767998,1066.481995,2880.886427,565.0969529
2022-02-05,,279.79513460000004,137.5187501,1052.631579,2797.783934,542.936288
2022-02-06,,253.5592018,128.6607003,1037.522035,2714.681441,520.7756232
2022-02-07,,241.2384599,119.8026506,1022.412491,2631.578947,498.6149584
2022-02-08,,228.917718,110.9446008,1007.302946,2548.476454,476.45429360000014
2022-02-09,,216.596976,110.9446008,992.1934022,2465.373961,454.2936288
2022-02-10,,204.2762341,110.9446008,977.083858,2382.271468,432.1329639
2022-02-11,,191.9554922,110.9446008,961.9743138,2343.916471,409.9722991
2022-02-12,,187.092792,110.9446008,946.8647696,2305.561474,387.8116343
2022-02-13,,182.2300917,110.9446008,931.7552254,2267.206478,408.5872576
2022-02-14,,177.3673915,92.9063904,916.6456812,2228.851481,429.3628809
2022-02-15,,172.50469130000005,74.86817999,901.536137,2190.496484,450.1385041
2022-02-16,,180.2601823,56.82996959,886.4265928,2152.141487000001,470.9141274
2022-02-17,,188.0156733,38.79175918,,2113.786491,491.68975070000016
2022-02-18,,195.7711642,20.75354878,,2075.431494,512.465374
2022-02-19,,203.5266552,21.42998167,,2037.076497,533.2409972
2022-02-20,,211.2821462,22.10641456,,1998.7215,554.0166205
2022-02-21,,212.4846936,22.78284745,,1960.366504,554.0166205
2022-02-22,,213.6872409,23.45928034,,1922.011507,554.0166205
2022-02-23,,214.8897883,24.13571323,,1883.6565100000007,554.0166205
2022-02-24,,216.0923356,32.9293408,,1858.086512,554.0166205
2022-02-25,,217.294883,41.72296838,,1832.516514,554.0166205
2022-02-26,,191.28979630000003,50.51659595,,1806.946516,554.0166205
2022-02-27,,165.28470969999995,59.31022353,,1781.376518,554.0166205
2022-02-28,,139.279623,68.1038511,,1755.80652,554.0166205
2022-03-01,,113.2745363,,,1730.236522,554.0166205
2022-03-02,,87.26944965,,,1704.666525,537.3961218999998
2022-03-03,,,,,1679.096527,520.7756233
2022-03-04,,,,,1653.526529,504.1551246
2022-03-05,,,,,1627.956531,487.534626
2022-03-06,,,,,1602.386533,470.9141274
2022-03-07,,,,,1576.816535,454.2936288
2022-03-08,,,,,1551.246537,437.6731302
2022-03-09,,,,,1503.759398,421.0526315
2022-03-10,,,,,1456.272259,404.4321329
2022-03-11,,,,,1408.78512,387.8116343
2022-03-12,,,,,1361.297982,387.8116343
2022-03-13,,,,,1313.810843,387.8116343
2022-03-14,,,,,1266.323704,387.8116343
2022-03-15,,,,,1218.836565,387.8116343
2022-03-16,,,,,1195.092996,387.8116343
2022-03-17,,,,,1171.349426,387.8116343
2022-03-18,,,,,1147.605857,387.8116343
2022-03-19,,,,,1123.862287,387.8116343
2022-03-20,,,,,1100.118718,387.8116343
2022-03-21,,,,,1076.375148,387.8116343
2022-03-22,,,,,1052.631579,369.34441360000005
2022-03-23,,,,,1052.631579,350.87719289999984
2022-03-24,,,,,1052.631579,332.40997230000005
2022-03-25,,,,,1052.631579,313.9427516
2022-03-26,,,,,1052.631579,295.4755309
2022-03-27,,,,,1052.631579,277.0083102
2022-03-28,,,,,1052.631579,258.5410896
2022-03-29,,,,,1052.631579,240.07386890000004
2022-03-30,,,,,,221.6066482
